,id,name,email,gender,status
0,2143,Rahul,docema165sun4o613@gmail.com,male,active
1,2144,Miguel Pepito,testertester1@tester.com,male,active
2,2152,Miguel Pepito,testerSP@tester.com,male,active
3,2162,Miguel Pepito,teesterSP@testerSP.com,male,active
4,2166,Usuario PicPay,AA54usuario01@teste.com,male,active
5,54,Bhagavaan Dhawan,dhawan_bhagavaan@miller-doyle.name,female,active
6,56,Divaakar Dutta,dutta_divaakar@dach.name,male,active
7,58,Bhavani Tandon,tandon_bhavani@weissnat-medhurst.net,male,inactive
8,59,Ms. Aaditya Gowda,aaditya_ms_gowda@boehm-hessel.net,female,active
9,60,Mohini Embranthiri,mohini_embranthiri@mckenzie-johns.info,male,inactive
10,61,Shashi Desai,desai_shashi@herzog-zulauf.net,female,inactive
11,2173,Miguel Pepito,terSP@testerSP.com,male,active
12,63,Amrita Shukla,amrita_shukla@welch.biz,female,active
13,64,Bheeshma Saini,saini_bheeshma@jaskolski.org,male,inactive
14,65,Subodh Kakkar,kakkar_subodh@beatty.name,female,active
15,66,Bhoopati Dwivedi,bhoopati_dwivedi@windler.com,male,inactive
16,67,Rameshwar Achari,achari_rameshwar@wehner-runolfsdottir.co,male,inactive
17,68,Bhoopat Banerjee,banerjee_bhoopat@mohr.info,female,active
18,69,Amrita Dutta,amrita_dutta@kris-berge.com,female,inactive
19,70,Damayanti Bharadwaj,bharadwaj_damayanti@pfeffer-schoen.net,male,active
